{
  "campus": {
    "precision": 1.0,
    "recall": 1.0,
    "f1-score": 1.0,
    "support": 12,
    "confused_with": {}
  },
  "domain_info": {
    "precision": 0.8333333333333334,
    "recall": 0.8333333333333334,
    "f1-score": 0.8333333333333334,
    "support": 18,
    "confused_with": {}
  },
  "micro avg": {
    "precision": 0.9,
    "recall": 0.9,
    "f1-score": 0.9,
    "support": 30
  },
  "macro avg": {
    "precision": 0.9166666666666667,
    "recall": 0.9166666666666667,
    "f1-score": 0.9166666666666667,
    "support": 30
  },
  "weighted avg": {
    "precision": 0.9,
    "recall": 0.9,
    "f1-score": 0.9,
    "support": 30
  },
  "accuracy": 0.9823008849557522
}